﻿<?xml version="1.0" encoding="utf-8"?>
<Azure SubscriptionName="{SUBSCRIPTION NAME}" ServiceName="{SERVICE NAME}" StorageAccount="{STORAGE ACCOUNT}" VNetName="SPVNet" AffinityGroup="SPVNet-AG">
  <ServiceAccounts>
    <ServiceAccount Username="CORP\SPAdmin" Password="{PASSWORD}" Type="WindowsDomain" Create="No" /> <!--Account used to connect to AD-->
    <ServiceAccount Username="SPAdmin" Password="{PASSWORD}" Type="WindowsLocal" Create="No" /> <!--Account used to create VM-->
    <ServiceAccount Username="spdbaccess" Password="{PASSWORD}" Type="SQL" Create="No" /> <!--Database ccount used to connect to SQL Server-->
    <ServiceAccount Username="CORP\spfarm" Password="{PASSWORD}" Type="WindowsDomain" />
    <ServiceAccount Username="FarmParaphrase" Password="{PASSWORD}" Type="None" /> <!--Pseudo account used to store farm paraphrase-->
  </ServiceAccounts>
  <Connections>
    <ActiveDirectory Domain="CORP" DnsDomain="corp.contoso.com" DomainControllerVM="DC1" ServiceAccountName="CORP\SPAdmin" ServiceName="{AD SERVICE NAME}" />
    <SQLServer Instance="SQLP" FailOverInstance="SQLS" AvailabilityGroup="AG1" Username="spdbaccess" ServiceName="{SQL SERVICE NAME}" />
  </Connections>
  <AzureVMGroups>
    <VMRole Name="SharePointAppServers" 
            StartingImageName="{SHAREPOINT 2013 IMAGE NAME}"
            VMSize="Small" DataDiskSizesInGB="Log:10" AvailabilitySet="SPApp"
            SubnetNames="AppSubnet" AdminUsername="SPAdmin" >
      <AzureVM Name="SPApp1">
	  <Endpoint Name="adminSite" Protocol="tcp" LocalPort="20000" PublicPort="20000" LBSetName="" ProbePort="" ProbeProtocol="" ProbePath="" />
      </AzureVM>
      <AzureVM Name="SPApp2" />
    </VMRole>
    <VMRole Name="SharePointWebServers" 
            StartingImageName="{SharePoint 2013 Image Name}" 
            VMSize="Small" DataDiskSizesInGB="Log:10" AvailabilitySet="SPWeb"
            SubnetNames="AppSubnet" AdminUsername="SPAdmin">
      <AzureVM Name="SPWeb1">
	  <Endpoint Name="web" Protocol="tcp" LocalPort="80" PublicPort="80" LBSetName="lbweb" ProbePort="8080" ProbeProtocol="http" ProbePath="/" />
      </AzureVM>
      <AzureVM Name="SPWeb2">
	  <Endpoint Name="web" Protocol="tcp" LocalPort="80" PublicPort="80" LBSetName="lbweb" ProbePort="8080" ProbeProtocol="http" ProbePath="/" />
      </AzureVM>
    </VMRole>
  </AzureVMGroups>
  <SharePointFarm Name="SP1" 
                  FarmAdminUsername="CORP\spfarm" 
                  InstallerDomainUsername="CORP\SPAdmin" 
                  InstallerDatabaseUsername="spdbaccess"
                  ConfigDBName="SharePoint_Config"
                  AdminContentDBName="CA_Content"
                  FarmParaphraseServiceAccountName="FarmParaphrase">
    <WebApplications>
      <WebApplication Name="PublishingSite" ApplicationPoolName="DefaultWebAppPool"
                      ApplicationPoolAccount="CORP\spfarm" Url="http://{SERVICE NAME}.cloudapp.net"
                      TopLevelSiteTemplate="BLANKINTERNET#0" TopLevelSiteName="Blank Publishing Site"
                      TopLevelSiteOwner="CORP\SPAdmin" />
    </WebApplications>
    <ServiceApplications>
      <SADeploymentGroup Name="AppServices" StartOnVMRoles="SharePointAppServers">
        <ServiceApplication DisplayName="Central Administration" />
        <ServiceApplication DisplayName="Claims to Windows Token Service" />
        <ServiceApplication DisplayName="Document Conversion Launcher Service">
          <ServiceAppConfiguration>
          </ServiceAppConfiguration>
        </ServiceApplication>
        <ServiceApplication DisplayName="Document Conversion Load Balancer Service">
          <ServiceAppConfiguration>
          </ServiceAppConfiguration>
        </ServiceApplication>
        <ServiceApplication DisplayName="Machine Translation Service" />
        <ServiceApplication DisplayName="Microsoft SharePoint Foundation Incoming E-Mail" />
        <ServiceApplication DisplayName="Microsoft SharePoint Foundation Workflow Timer Service" />
        <ServiceApplication DisplayName="PowerPoint Conversion Service" />
        <ServiceApplication DisplayName="Search Host Controller Service" />
        <ServiceApplication DisplayName="Search Query and Site Settings Service" />
        <ServiceApplication DisplayName="SharePoint Server Search">
          <ServiceAppConfiguration>
          </ServiceAppConfiguration>
        </ServiceApplication>
        <ServiceApplication DisplayName="User Profile Synchronization Service" />
        <ServiceApplication DisplayName="Word Automation Services" />
        <ServiceApplication DisplayName="Work Management Service" />
      </SADeploymentGroup>
      <SADeploymentGroup Name="FEServices" StartOnVMRoles="SharePointWebServers">
        <ServiceApplication DisplayName="Access Database Service 2010" />
        <ServiceApplication DisplayName="Access Service" />
        <ServiceApplication DisplayName="App Management Service" />
        <ServiceApplication DisplayName="Business Data Connectivity Service" />
        <ServiceApplication DisplayName="Excel Calculation Services" />
        <ServiceApplication DisplayName="Managed Metadata Web Service" />
        <ServiceApplication DisplayName="Microsoft SharePoint Foundation Sandboxed Code Service" />
        <ServiceApplication DisplayName="Microsoft SharePoint Foundation Subscription Settings Service" />
        <ServiceApplication DisplayName="PerformancePoint Service" />
        <ServiceApplication DisplayName="Secure Store Service" />
        <ServiceApplication DisplayName="User Profile Service" />
        <ServiceApplication DisplayName="Visio Graphics Service" />
        <ServiceApplication DisplayName="Distributed Cache" />
        <ServiceApplication DisplayName="Request Management" />
      </SADeploymentGroup>
      <SADeploymentGroup Name="CommonServices" StartOnRoles="SharePointWebServers,SharePointAppServers">
        <ServiceApplication DisplayName="Microsoft SharePoint Foundation Web Application" />
      </SADeploymentGroup>
      <SADeploymentGroup Name="UnusedServices" StartOnRoles="">
        <ServiceApplication DisplayName="Lotus Notes Connector" />
      </SADeploymentGroup>
    </ServiceApplications>
  </SharePointFarm>
</Azure>