﻿<?xml version="1.0" encoding="utf-8"?>
<Azure SubscriptionName="{SUBSCRIPTION NAME}" ServiceName="{CLOUD SERVICE NAME}" StorageAccount="{STORAGE ACCOUNT}" VNetName="SPAutoVNet" AffinityGroup="SPAutoVNet-AG">
  <ServiceAccounts>
    <ServiceAccount Username="{DOMAIN\ADMIN NAME}" Password="{PASSWORD}" Type="WindowsDomain" Create="No" /> <!--Account used to connect to AD-->
    <ServiceAccount Username="{ADMIN NAME}" Password="{PASSWORD}" Type="WindowsLocal" Create="No" /> <!--Account used to create VM-->
    <ServiceAccount Username="{ADMIN NAME}" Password="{PASSWORD}" Type="SQL" Create="No" /> <!--Database ccount used to connect to SQL Server-->
    <ServiceAccount Username="{DOMAIN\SP FARM ACCOUNT}" Password="{PASSWORD}" Type="WindowsDomain" Create="Yes" Usage="SPAppPool" /> <!--Account used to run SP App Pools-->
    <ServiceAccount Username="FarmParaphrase" Password="{PASSWORD}" Type="None" /> <!--Pseudo account used to store farm paraphrase-->
  </ServiceAccounts>
  <Connections>
    <ActiveDirectory Domain="{DOMAIN}" DnsDomain="{DNS DOMAIN}" DomainControllerVM="DC1" ServiceAccountName="{DOMAIN\ADMIN NAME}" ServiceName="{AD CLOUD SERVICE NAME}" />
    <SQLServer Instance="SQL1" FailOverInstance="SQL2" AvailabilityGroup="AG1" Username="{ADMIN NAME}" ServiceName="{SQL CLOUD SERVICE NAME}" />
  </Connections>
  <AzureVMGroups>
    <VMRole Name="SharePointAppServers" 
            StartingImageName="{SHAREPOINT 2013 IMAGE NAME}"
            VMSize="Small" DataDiskSizesInGB="Log:10" AvailabilitySet="SPApp"
            SubnetNames="AppSubnet" AdminUsername="ADMIN NAME">
      <AzureVM Name="SPApp1">
	  <Endpoint Name="adminSite" Protocol="tcp" LocalPort="20000" PublicPort="20000" LBSetName="" ProbePort="" ProbeProtocol="" ProbePath="" />
      </AzureVM>
      <AzureVM Name="SPApp2" />
    </VMRole>
    <VMRole Name="SharePointWebServers" 
            StartingImageName="{SharePoint 2013 Image Name}" 
            VMSize="Small" DataDiskSizesInGB="Log:10" AvailabilitySet="SPWeb"
            SubnetNames="AppSubnet" AdminUsername="{ADMIN NAME}">
      <AzureVM Name="SPWeb1">
	  <Endpoint Name="web" Protocol="tcp" LocalPort="80" PublicPort="80" LBSetName="lbweb" ProbePort="8080" ProbeProtocol="http" ProbePath="/" />
      </AzureVM>
      <AzureVM Name="SPWeb2">
	  <Endpoint Name="web" Protocol="tcp" LocalPort="80" PublicPort="80" LBSetName="lbweb" ProbePort="8080" ProbeProtocol="http" ProbePath="/" />
      </AzureVM>
    </VMRole>
  </AzureVMGroups>
  <SharePointFarm Name="SP1" 
                  FarmAdminUsername="{DOMAIN\ADMIN NAME}" 
                  InstallerDomainUsername="{DOMAIN\ADMIN NAME}" 
                  InstallerDatabaseUsername="{ADMIN NAME}"
		  ApplicationPoolAccount="{DOMAIN\APP POOL ACCOUNT}"
		  ApplicationPoolName="DefaultWebAppPool"
                  ConfigDBName="SharePoint_Config"
                  AdminContentDBName="CA_Content"
                  FarmParaphraseServiceAccountName="FarmParaphrase">
    <WebApplications>
      <WebApplication Name="PublishingSite" Url="http://{SHAREPOINT APP URL}"
                      TopLevelSiteTemplate="BLANKINTERNET#0" TopLevelSiteName="Blank Publishing Site"
                      TopLevelSiteOwner="{DOMAIN\ADMIN NAME}" Port="80"/>
    </WebApplications>
    <ServiceApplications>
      <SADeploymentGroup Name="AppServices" StartOnVMRoles="SharePointAppServers">
        <ServiceApplication DisplayName="Central Administration" />
        <ServiceApplication DisplayName="Claims to Windows Token Service" />
        <ServiceApplication DisplayName="Document Conversion Launcher Service">
          <ServiceAppConfiguration>
          </ServiceAppConfiguration>
        </ServiceApplication>
        <ServiceApplication DisplayName="Document Conversion Load Balancer Service">
          <ServiceAppConfiguration>
          </ServiceAppConfiguration>
        </ServiceApplication>
        <ServiceApplication DisplayName="Machine Translation Service" />
        <ServiceApplication DisplayName="Microsoft SharePoint Foundation Incoming E-Mail" />
        <ServiceApplication DisplayName="Microsoft SharePoint Foundation Workflow Timer Service" />
        <ServiceApplication DisplayName="PowerPoint Conversion Service" />
        <ServiceApplication DisplayName="Search Host Controller Service" />
        <ServiceApplication DisplayName="Search Query and Site Settings Service" />
        <ServiceApplication DisplayName="SharePoint Server Search">
          <ServiceAppConfiguration>
          </ServiceAppConfiguration>
        </ServiceApplication>
        <ServiceApplication DisplayName="User Profile Synchronization Service" />
        <ServiceApplication DisplayName="Word Automation Services" />
        <ServiceApplication DisplayName="Work Management Service" />
      </SADeploymentGroup>
      <SADeploymentGroup Name="FEServices" StartOnVMRoles="SharePointWebServers">
        <ServiceApplication DisplayName="Access Database Service 2010" />
        <ServiceApplication DisplayName="Access Service" />
        <ServiceApplication DisplayName="App Management Service" />
        <ServiceApplication DisplayName="Business Data Connectivity Service" />
        <ServiceApplication DisplayName="Excel Calculation Services" />
        <ServiceApplication DisplayName="Managed Metadata Web Service" />
        <ServiceApplication DisplayName="Microsoft SharePoint Foundation Sandboxed Code Service" />
        <ServiceApplication DisplayName="Microsoft SharePoint Foundation Subscription Settings Service" />
        <ServiceApplication DisplayName="PerformancePoint Service" />
        <ServiceApplication DisplayName="Secure Store Service" />
        <ServiceApplication DisplayName="User Profile Service" />
        <ServiceApplication DisplayName="Visio Graphics Service" />
        <ServiceApplication DisplayName="Distributed Cache" />
      </SADeploymentGroup>
      <SADeploymentGroup Name="CommonServices" StartOnRoles="SharePointWebServers,SharePointAppServers">
        <ServiceApplication DisplayName="Microsoft SharePoint Foundation Web Application" />
      </SADeploymentGroup>
      <SADeploymentGroup Name="UnusedServices" StartOnRoles="">
        <ServiceApplication DisplayName="Lotus Notes Connector" />
      </SADeploymentGroup>
    </ServiceApplications>
  </SharePointFarm>
</Azure>